,O1,O2,Oz,Cz,C3,C4,Fz,F8,F7,Fpz,feature,group,subject,time
0,0.19447960046274426,-0.11300320254001565,0.09665734676248056,-0.26909263911348924,0.0653111046877988,0.052981422095179725,0.0027742319454561798,-0.15461678854795083,-0.0686433947573378,0.05697725237638969,Y1,group-1,subject-0,T1
1,0.08777313163907231,-0.01343141309194814,-0.06075036823023479,-0.09017675168515361,0.004829458932670451,0.06775870019916384,0.005455119906607821,0.15014652752798854,0.18961657327817447,0.0423746455847594,Y2,group-1,subject-0,T1
2,-0.0580585834952347,0.021470864704121826,0.0841843173809398,-0.013230153790691888,0.14205417749825633,0.8191866563162739,-0.03788422727251957,0.06614770021977805,0.024987981613364168,0.22261974255902617,Y3,group-1,subject-0,T1
3,0.037885027815190486,-0.08735080625184101,-0.05764218273942205,0.14878990204095155,-0.042879773845405256,-0.6473275757094592,-0.20814755086493894,-0.014385674704832265,-0.059050826183770014,0.14034439505545795,Y4,group-1,subject-0,T1
4,0.1441956928219049,-0.1665565716181838,0.005481969316533553,0.1435224056035458,-0.09952030196875651,-0.4767311575926401,-0.016585821170406672,-0.0589776825898341,0.039117100075257566,-0.024037232973448838,Y5,group-1,subject-0,T1
5,0.020952039069212877,-0.1303867965816687,-0.09897801829720974,0.0305963862266321,0.10768162760896617,-0.027526577909508226,-0.005247481892000566,0.033929282756837896,-0.06606186039977878,0.036758379566493186,Y1,group-1,subject-0,T2
6,0.054534362445656896,0.13010341269781123,-0.05502602835733872,-0.02696081045028355,-0.08804059519250412,-0.02979003804485895,-0.08153178882552024,-0.07898210604793632,-0.10635603992424708,0.11553366793756575,Y2,group-1,subject-0,T2
7,0.08091976593715418,-0.22755952682818395,0.0015211764233574946,0.021976111610816626,0.09220561682499173,0.28828277895714355,-0.16134693039377,-0.1301525735462477,0.1013212902546718,0.02264065914551833,Y3,group-1,subject-0,T2
8,-0.0718462461584162,-0.09738421211990221,0.08922393310721137,0.048490094443571045,-0.008482890233750921,0.07248935493474574,0.05075001838609292,0.06273073682957075,-0.1710275897765182,-0.17011661876641704,Y4,group-1,subject-0,T2
9,-0.008976609686047294,0.01266235018779917,-0.10597521957008496,0.15198688371128685,-0.08269445052209438,0.7512750136326126,-0.006578290174479703,-0.04817605160587755,0.036152733466146364,-0.044254648640487684,Y5,group-1,subject-0,T2
10,-0.035468934770212485,0.01471058001582309,-0.1001426835449693,0.054320259737260845,-0.16871592136031668,-0.10144970842692637,0.22145733719449037,0.03740866422038671,-0.2335382623112749,-0.06599061680415734,Y1,group-1,subject-1,T1
11,-0.027560516018018396,-0.09583137295685165,-0.012310785991116012,-0.19205831467010437,0.029049738695621642,-0.058587276455989136,0.1523596908651464,0.024016285444440403,0.0544119185273396,-0.03137554245385428,Y2,group-1,subject-1,T1
12,0.02952558721761825,0.041786710254738235,-0.06793195343620373,0.05926446145756969,-0.0883429172763862,0.4105292745252441,-0.2038829098752139,0.06463208246832734,-0.03631258643792384,0.02415236802446688,Y3,group-1,subject-1,T1
13,-0.13507819894450232,0.040127178157743255,-0.1253290751898051,-0.017254557775933287,-0.015016316069876903,-0.18030747809684047,-0.005504544463242625,0.024419669332875486,0.06132073587815639,-0.16835086440919006,Y4,group-1,subject-1,T1
14,-0.03253029793929068,0.07638516848676902,-0.010665555464239012,-0.27053903472800095,-0.20565342439327847,-0.7435454530126103,0.03519837431338797,0.16445845928436156,0.0183274829113148,-0.005233972673554854,Y5,group-1,subject-1,T1
15,-0.06645197697642531,0.14637294823045735,-0.002939484659526821,-0.11267010977514125,-0.04920056773403513,0.01127423921606971,-0.070888141900934,-0.049459076064203,-0.12506845651254947,0.10705739597982801,Y1,group-1,subject-1,T2
16,0.039314039220155896,-0.015424398605379778,0.0912370275212567,0.02351366785748116,0.024820628024785445,-0.0017817528687455453,-0.07184776796686286,0.1312958490732456,-0.131350623697725,-0.060695338668252864,Y2,group-1,subject-1,T2
17,0.1461690341915286,-0.04162696454460444,-0.10045657229050761,0.016112222346316745,0.010485314927156462,0.817641633900699,-0.18411012858333178,-0.04962411474098488,0.019641455471194426,-0.1468006628137971,Y3,group-1,subject-1,T2
18,0.06987471576353152,0.026497372754788546,-0.14874442668477278,-0.212677787423688,0.06772312234582986,0.7060249243582868,0.12681960692756195,-0.025154861582498567,0.06650125889697739,-0.028817015343652407,Y4,group-1,subject-1,T2
19,0.024766878782237628,-0.28715345247575613,0.0008209537030442709,-0.09510409222235865,0.06222354041187246,0.28045807250777843,0.035722299194565134,0.20734876862564755,-0.1576468149101253,-0.1962396992208832,Y5,group-1,subject-1,T2
20,-0.13065233589022665,0.031725579299421484,-0.008741590391993242,0.1419833179780572,-0.08255151761377462,-0.10709579418879485,0.01624261460913884,0.007839725785432045,-0.05824703760815469,-0.09212714561693235,Y1,group-1,subject-2,T1
21,-0.24051879558537526,-0.07621539793056435,-0.1294829190564363,-0.09181465995047552,-0.0522620282926957,0.024892256089994756,0.09706635332911293,-0.08164090379180547,0.0727030527811915,-0.03753035427614306,Y2,group-1,subject-2,T1
22,0.1289097814207754,-0.07228458848863582,0.16520213915258364,0.09189296010480634,0.1887127909651885,0.7592209127585667,-0.01700231595035536,-0.002290975696942729,0.2425478980305977,-0.06758796112538581,Y3,group-1,subject-2,T1
23,0.2754229180535954,0.1557515711226833,0.06945313528111119,0.16133609845940808,-0.09515130760715983,0.2376417493073541,-0.014840021412944819,0.011312663613537804,-0.028188905626728905,-0.055002837012155505,Y4,group-1,subject-2,T1
24,0.000555472300388645,0.06988163106678909,-0.04894465936496701,0.04295362518179686,0.07616433433398856,0.991966778373929,0.11884271466330296,0.008561912749401377,0.04565751852466042,-0.04733300273191176,Y5,group-1,subject-2,T1
25,-0.08087615686907115,0.05210738997192208,-0.005566312570244314,0.0017334580081337448,0.061739105443183666,0.0288706305773111,0.009983178006793745,0.20099536204640256,-0.09633091593900303,-0.056130492434344245,Y1,group-1,subject-2,T2
26,0.05896876263901681,-0.0637694166826104,0.03735902755652234,0.042270161918837895,0.05396796091178675,-0.07493753842365522,-0.0887450716710281,-0.10364664134678077,-0.017194296012248454,0.07582404389779536,Y2,group-1,subject-2,T2
27,-0.1260891873839379,0.10381582057263948,-0.25131575774405535,-0.007754336219142814,-0.07323996213231246,0.09827864007757556,0.15016682343538,0.006217751915781701,0.2355633112116003,0.11346670396964872,Y3,group-1,subject-2,T2
28,-0.08991457365628559,0.07639124145222083,0.0021640466813662306,0.11343050392244337,0.05143953281215872,-1.016847172394168,-0.027902591005582383,-0.04142662839575348,-0.07626652345548748,-0.11337455759592227,Y4,group-1,subject-2,T2
29,-0.009798012156660364,0.0205247526055188,0.011173342766563997,-0.0719893947427701,0.18665284707240415,0.26353120336659874,-0.0367478854682791,0.13010330408328072,0.04973472947593629,-0.10020226197560304,Y5,group-1,subject-2,T2
30,0.11188201127992033,-0.05462178748038297,-0.14841703062368483,-0.08740536231917846,0.13410946592246134,-0.29084847636449207,-0.1509032078384779,-0.012639135082851891,0.057454918493005526,0.06617007293102026,Y1,group-1,subject-3,T1
31,0.10731389649093565,0.1656411914796707,0.01823231811102112,-0.056085763924609455,0.13442933825090306,0.06723497834009765,0.047036351452641685,0.09829718953679771,-0.010800955768755874,-0.07105932400166283,Y2,group-1,subject-3,T1
32,-0.07087252806505716,0.1578246865562458,0.07476922665464161,0.0038865980140245695,0.1345003685303747,-0.32662237291406965,0.3008426973452761,-0.007779968156440337,-0.2566393181296101,-0.1278660155068283,Y3,group-1,subject-3,T1
33,0.23938298295028626,-0.01795836129028416,-0.080888260420463,-0.0029536505586454554,6.232962968059146e-05,0.2811033499013775,0.1658299625726558,0.17066520223689563,0.118317376331315,0.16840763047233795,Y4,group-1,subject-3,T1
34,0.09693890403352991,0.021319777593474767,-0.026943023087405,-0.05760912523835302,0.0844935521290989,0.5245025501175508,-0.02917155378476329,-0.15372621297368252,-0.06720010399543021,0.061358014630595765,Y5,group-1,subject-3,T1
35,0.0158131665087099,-0.09305338309461277,-0.07695982772654231,0.005383343982046353,-0.02395855372202965,0.1869557119439944,-0.06399820145613712,-0.09468138702586476,-0.09932139502579915,-0.007666199780485852,Y1,group-1,subject-3,T2
36,0.012808829732725072,0.04544292306950241,-0.09800329810207795,0.062480412707506726,0.003719721610085221,-0.18400317804445776,-0.057345369855045236,0.008208159961857356,0.09135628591463911,0.021802649481073508,Y2,group-1,subject-3,T2
37,0.02409778273437459,-0.0036492617019795765,-0.05203833064132575,0.007445749966052,-0.1538894755210306,-0.07909697675603133,-0.10135080099832856,0.057465470148708085,-0.0857918870629852,0.014611417230025053,Y3,group-1,subject-3,T2
38,0.02071382212462,-0.10804634299374967,0.02123228454629773,-0.00643718333347874,-0.022259718820207632,0.14316857009715472,-0.05945272852968692,0.0362751604461833,0.06321982365264546,0.008690870789556248,Y4,group-1,subject-3,T2
39,0.03434618167608161,-0.23526037594576596,0.11416504428198468,-0.09152185422760385,0.0537579263259081,0.6349948503005816,0.006970705032290879,0.08507327925016493,0.01740369435341268,0.13545263763679144,Y5,group-1,subject-3,T2
40,-0.056499247544147035,-0.12163144825336207,0.14602677024597038,-0.1158030091644667,-0.1823538358745992,-0.1582097624974501,-0.12361165337880317,0.06366160776553488,0.11631973870950997,-0.0314779778879986,Y1,group-1,subject-4,T1
41,0.11238693955639262,0.10959609439095327,-0.11295029489587607,-0.10351663736055436,0.011720516956933057,0.0024209275804552488,0.12777392788709785,0.10331965921798256,0.02780705046388764,-0.01403881606295955,Y2,group-1,subject-4,T1
42,-0.05774156716669455,0.2444079157333885,0.03356183844723943,-0.20005642202195528,0.04201481835399404,-0.03438582316786671,0.0252608498605288,-0.012629140657819761,0.06059829603890943,-0.055997706388992784,Y3,group-1,subject-4,T1
43,-0.05792906241515192,0.025420636309623056,0.02853033732510837,0.13869466074138143,0.10484709640014915,-0.8423278733315692,-0.09872052908945143,0.12801104266585986,0.052060150553095576,0.04899573375647899,Y4,group-1,subject-4,T1
44,-0.19726031969593094,0.00957094877880486,-0.0074374481466268514,-0.16266398363118284,-0.06308643503458887,-0.06027968881560222,-0.0587500051210281,0.029100735023633688,-0.040187666096784126,-0.001345067670472346,Y5,group-1,subject-4,T1
45,-0.029219911904889824,0.12002035878351887,-0.021468228432656333,0.031472973696236084,0.07043258583230409,0.010527514038030974,0.13061583421270306,0.07249697873322444,-0.016481152331687753,-0.0030172714778986956,Y1,group-1,subject-4,T2
46,-0.007804488869845375,-0.054253790231980674,-0.1900771996316928,0.09203058302158448,0.05333606397101079,-0.03163527782398143,-0.04391007579660629,-0.08957339809550324,0.1626373009556714,0.04175675172857041,Y2,group-1,subject-4,T2
47,-0.0835895566775742,-0.1929747829005625,0.024829059485114276,-0.06708667748513356,0.009592682198404782,1.6783747261732953,-0.12424403922396045,0.09884665158705119,0.1300200022244299,0.11848622042923433,Y3,group-1,subject-4,T2
48,0.06298106880187766,0.008646936845180397,0.00904942878134256,-0.16988246053098938,0.06881986774388829,-0.1489333839446106,-0.013915187416523976,-0.12365561676487186,0.01369513034245839,0.009886130212235087,Y4,group-1,subject-4,T2
49,-0.0048214435805948655,-0.148489947525653,0.07922661672371616,0.15791847341499043,0.14053292532854855,-0.2811813072117558,0.12648527295101208,0.01694324606725629,0.03694025016770239,0.04178223294672297,Y5,group-1,subject-4,T2
50,0.04444931684277075,-0.012016360434340493,0.07769862459228793,-0.054447960019863774,0.025548490083471345,0.03791733857122492,-0.03672883814324969,0.06286494219668343,-0.07400940909526871,0.2170640568285753,Y1,group-1,subject-5,T1
51,0.1672886557904802,-0.16637689815853599,0.04629116822553943,-0.17796320342335226,0.01662864588210551,0.028942179647785293,-0.1486757067584786,0.08122416961351998,0.1171008253998533,-0.058974634663145314,Y2,group-1,subject-5,T1
52,-0.05036088724827965,0.040215423285764884,-0.03450364803526393,0.2202706575453368,-0.016031389487602386,0.2772554398096759,0.03159624586150158,-0.20916768825353338,-0.11701342542742985,0.060569278751219674,Y3,group-1,subject-5,T1
53,0.1151395264182712,-0.08735271564359831,-0.017102721327579312,0.3058042553759364,-0.05252923683069142,-0.04951913104374908,-0.03794025094500614,0.027361324005482236,0.10889185520654354,0.16313505202861464,Y4,group-1,subject-5,T1
54,0.18364041167052791,-0.035187251173403884,0.006781613583281712,0.11189754715040788,0.026542215038382628,0.14434818196053315,-0.09352970634112293,-0.04587035732829748,-0.1804991032779302,0.0435831827852497,Y5,group-1,subject-5,T1
55,0.1260921493647448,-0.06856695959802254,0.08765731435731713,0.05722266089602871,-0.050716280766520135,-0.17478216660207935,0.0035089568029531806,0.006160129209183947,-0.12658153341377515,-0.23729763971872975,Y1,group-1,subject-5,T2
56,0.11365254495818695,0.0808740548002509,0.03885985746038012,0.18525470207956643,-0.04153313477743728,0.014235888406498103,-0.04558317395072005,0.07626003327610277,-0.038800372196198044,0.08506832320851485,Y2,group-1,subject-5,T2
57,0.08145535162039128,0.15587592369564174,0.17719910523393156,-0.002928455464164961,-0.20424259083046545,1.1847857752917483,0.06801421208498278,-0.2066097037161402,-0.0035623580797283358,0.11418405048240407,Y3,group-1,subject-5,T2
58,-0.178796498535312,-0.2358340783606438,-0.02917537299358328,0.1635596611038845,0.08001087337964499,-0.6186396693068632,0.09414757699118301,0.08494513410963597,-0.27420054783452436,0.10639246187550905,Y4,group-1,subject-5,T2
59,-0.08185917181097262,-0.05151854436602241,-0.1444274369157587,-0.03254168041723543,0.13453921173346017,-0.22878167021475995,0.030472688039590044,-0.05719111271073985,-0.1357687962565734,0.008517663999204903,Y5,group-1,subject-5,T2
60,0.09981655144857426,0.0133029173656079,0.013155928279646545,0.1466275442792589,-0.08210200604747649,0.13466295905485917,-0.011287271827726068,0.05340287252067391,-0.07320245724239313,0.2359007468064464,Y1,group-1,subject-6,T1
61,0.0841439262591104,-0.11127897763569523,-0.027833085089633735,-0.01473131655798916,-0.008573144941823898,-0.11078990872987081,-0.047536313088459785,0.2303157920790793,-0.08600473479039104,-0.042322195525581564,Y2,group-1,subject-6,T1
62,-0.07956864988466023,-0.0062028539600806135,-0.01391884884833418,-0.056780409821064415,0.011892221697400302,-0.6123540666075072,0.012477097525224252,0.16478560609516055,0.0764258464793154,0.07304744509688127,Y3,group-1,subject-6,T1
63,-0.039113892212766434,0.09258555514599914,0.07310285930715202,0.13933281305053744,-0.028049582377998396,0.15505100665349703,-0.07257859517136665,-0.034569848630425,-0.10849282758988305,-0.08317634295141581,Y4,group-1,subject-6,T1
64,0.22328882876014264,-0.010327828071130758,-0.10647303329672263,-0.03852083448012966,0.10629388185750993,0.7103339485380727,-0.051805509931917404,-0.13868089899210376,-0.02158055246198861,-0.05964973769109769,Y5,group-1,subject-6,T1
65,-0.07858867957168536,-0.020497194787934596,0.04259012500157028,-0.1278770584757827,0.16320855728541242,-0.09016394562858608,0.009289404070393997,0.02418702825325598,0.041406997705322114,0.29053869847469344,Y1,group-1,subject-6,T2
66,-0.01770358040528294,-0.180075935625953,-0.06057828560415834,0.0638076560092821,-0.0008547832735054285,0.0960386169087677,0.06982316441785379,-0.019455276575562373,0.03976811582494264,0.030335634812129406,Y2,group-1,subject-6,T2
67,0.0474417218590775,-0.018408606758431745,-0.01385611221615716,0.02466685570611904,0.10638199862374577,0.37382669088952714,-0.0064717250313041435,-0.014714495008329196,-0.0299513128081718,-0.05930874449215131,Y3,group-1,subject-6,T2
68,-0.08867503683156583,-0.03124326624380368,0.16755466136280306,0.05984391620437519,-0.011560476241429177,0.2345957618070872,-0.02069799196543497,-0.1900615812607004,-0.10936613395274936,0.14248926581384513,Y4,group-1,subject-6,T2
69,0.11654133216694097,0.1334349842250458,-0.1211648405767337,-0.1589614774252533,0.0564372377464654,0.6431726378950026,-0.13431717318586384,0.007462333484780342,-0.025116565912953248,0.021956989168935848,Y5,group-1,subject-6,T2
70,-0.0035727749725150445,-0.04696687919148346,0.10353893772167198,-0.20669818064180367,-0.010605295666436415,0.012329364979308787,0.008632770850319323,-0.04936782424177877,0.11470790751296915,-0.038617140814364556,Y1,group-1,subject-7,T1
71,0.08502527338386137,0.0057111993165173255,-0.055885634990255846,-0.1127364838596495,0.06466662349850809,0.00987963948434966,0.04803080505474045,0.041488019785639055,-0.10861052807355874,0.14788931966577198,Y2,group-1,subject-7,T1
72,0.18461409296690784,0.1671767162990104,0.020738099456323773,0.0958998683841665,0.027028172986897307,-0.5187011603417278,0.051693392195830815,0.039708712478463436,0.11962119596349167,-0.20093790398712447,Y3,group-1,subject-7,T1
73,0.1235267105732655,-0.1334399997526027,-0.06183695445912581,-0.02640576700084237,-0.13710253355752852,-0.3863377139411996,0.10093759166346013,0.18913282949784865,-0.01158983834237456,0.14151335528970926,Y4,group-1,subject-7,T1
74,0.0650213279638189,-0.1120245331364329,-0.07541724719641629,-0.07846070519318656,0.023547413670707784,-0.12302072274647595,-0.016889862928570844,0.07313746816700548,0.1140556513556997,-0.10974481812107456,Y5,group-1,subject-7,T1
75,-0.01502317389238826,-0.03884838159394457,-0.12150434807165905,0.012095922487866631,0.10936356420570845,0.09231321587952304,-0.03510250226246126,-0.16472810786903483,0.13679216817408746,0.1137637742278908,Y1,group-1,subject-7,T2
76,0.1314135076455142,-0.02985437820785465,-0.03856186849939556,-0.1350841544446831,0.06423649331357646,0.04434667564358455,-0.02149672522315611,0.03406709401579828,-0.026423498260591698,-0.07043560297407457,Y2,group-1,subject-7,T2
77,0.014229538535760177,0.015583663594301078,-0.08874499925931731,0.06990799123853797,-0.16059232889480352,1.2527796906188033,-0.09701353669582803,0.027448371437242925,0.24115544142746964,0.07828662752277735,Y3,group-1,subject-7,T2
78,-0.2825890444819212,-0.03295303330872925,0.016381663794410768,0.026200060439211977,0.19055855595728344,0.8138958261488654,-0.013472282490889595,-0.03550364316869147,-0.07087217402030607,0.06057037637868276,Y4,group-1,subject-7,T2
79,-0.03043501490372696,0.02249550393360461,0.17700698625820876,0.1572959622095883,0.17014708522831454,1.0476502987561722,0.16043395034139193,-0.005740306434942228,-0.05044170241962857,0.1387612846222388,Y5,group-1,subject-7,T2
80,0.08526928901735911,0.2203614673191669,0.12125502788727555,-0.029433726684042507,-0.238935330041099,-0.07511495293606371,-0.07070745890474567,0.15374660764871098,0.019477951067776757,-0.0908226780589106,Y1,group-1,subject-8,T1
81,0.16639999314108364,0.08510730225209166,-0.1504496301604422,-0.03601946503751076,-0.05746876484506393,0.16496137580800846,-0.023425665850641725,-0.07057333803509122,0.20772256283450297,-0.08618825964136402,Y2,group-1,subject-8,T1
82,0.03135322422544748,-0.13202067783047794,-0.08756062350141375,0.11512065867816568,0.13874624522786572,0.15813648200335687,-0.1240930839914682,0.045289785507045315,-0.07833195577302897,-0.11708811634691357,Y3,group-1,subject-8,T1
83,0.010457749405290368,-0.16369217788028478,-0.04048999494427223,-0.005417151022770188,0.06658068047654662,1.0271148263507035,0.012220008303745726,0.06046316324390974,0.056019448520537855,0.06597074508065617,Y4,group-1,subject-8,T1
84,-0.04999071567604274,-0.08349059084124942,-0.02629597417721685,0.0056740776286520155,-0.009995793610259561,-0.8100245278339192,0.01070533611949044,0.024721145290959878,-0.0657909661493378,0.05087973681044636,Y5,group-1,subject-8,T1
85,-0.3048509369919287,0.11969753739562848,0.0352798123264958,-0.12119700552706808,-0.10660765996317212,-0.10998033760444473,-0.12467018039467895,0.1165105650585032,0.0448538163417106,-0.012289227289858269,Y1,group-1,subject-8,T2
86,-0.08499544811112755,-0.042285155112717535,-0.026878384907037946,-0.028538703931966045,0.1492371591400552,0.015003760721464237,-0.10065971536541497,0.1752017555455146,0.07209889485646961,-0.11070005770524413,Y2,group-1,subject-8,T2
87,-0.08520924844966164,-0.2121586769929528,0.0379685582058151,-0.08658402413423524,0.03030719385956772,0.33218248820468577,0.0002402774456053811,0.008508005845515091,0.05766647328033527,-0.06583902847158052,Y3,group-1,subject-8,T2
88,0.09018623174878247,-0.001629147715114576,0.002818014314540586,0.3647127623160205,-0.08222741516301607,0.363342444445138,-0.023086837339268227,-0.04969941541569169,0.08611340296218994,-0.021325295147390247,Y4,group-1,subject-8,T2
89,-0.11137761833936419,0.010735165454657308,0.11103288994083925,0.06463567053456937,-0.04320993974997989,0.1064830362645633,0.015439845051212793,0.07211252540958708,0.17588654530985415,-0.08068949072148467,Y5,group-1,subject-8,T2
90,-0.005411627778515025,-0.2530166741665576,-0.09529655580388902,-0.1435904770403406,0.14422219034352204,-0.046071000526361316,0.05126196838162547,0.043129494281038974,-0.03382778108157151,-0.03592292065029983,Y1,group-1,subject-9,T1
91,0.00240529184510008,-0.19498198465196517,-0.02765735024924931,0.013005648517908705,0.0946980333336141,0.056052400174564546,0.07509389421265998,-0.10238009103207142,0.049725438691002016,-0.03370434451535161,Y2,group-1,subject-9,T1
92,0.03728236643394108,0.07323816968835786,-0.07151077037919934,-0.03208422471389297,-0.07228916368533873,1.0548370944318184,-0.08888511406768691,0.0481650062724912,0.004828483501394566,-0.06542059342402376,Y3,group-1,subject-9,T1
93,-0.03245164182150433,-0.022871319011446328,0.11885357659465963,-0.023260773248536443,-0.087839077112748,-0.43511153824527565,0.0312416790569882,0.015615513752088925,-0.1723365378891165,0.09128352219327329,Y4,group-1,subject-9,T1
94,0.03671037130718121,0.0019347938772878296,0.06645052002417849,0.1461291882254967,0.02049411381818176,0.3741748781385463,-0.15045507709874334,-0.08829594803313273,-0.017131626366833505,-0.18117676732204147,Y5,group-1,subject-9,T1
95,0.0289506208850463,-0.2018310138230537,-0.007516895924296062,-0.16550571409825854,0.04203940424849977,0.0013568804061628314,0.08763200258081486,-0.2397585677848397,0.17400864908519634,-0.030780808194437688,Y1,group-1,subject-9,T2
96,-0.03607186751895565,0.08767222965968159,-0.12755536152662206,0.023194890536252864,-0.08089249348870181,-0.04713311999864857,0.14094940843752637,-0.04943080417702039,0.013873291083168045,0.15729768926217455,Y2,group-1,subject-9,T2
97,0.12637131851059,-0.07811792914916453,-0.2942072070516682,0.00710248590155233,0.0807894415554564,0.5068853797388368,0.08207318282041562,-0.04092979457060512,0.18551914500155472,-0.01001407655895268,Y3,group-1,subject-9,T2
98,-0.10638853399556444,0.01988176319370602,0.010293350480101614,0.012447465885878388,0.009433927545964206,1.5854099937019883,0.15904915698684952,-0.018345219156965416,-0.034102889695233396,0.05718774961079661,Y4,group-1,subject-9,T2
99,-0.10435932839276328,0.06324887225908556,-0.005593052275642104,-0.05188790355069777,-0.06522794536413348,0.28408983924956543,-0.02945182357117654,0.10531732072491663,0.0254601225854042,0.03493495989618725,Y5,group-1,subject-9,T2
100,-0.06390837659376027,-0.0014648042525574525,0.033810409038781734,-0.09166304880100926,-0.04836147135035091,0.1530367457673499,-0.017699846068415726,0.007138990428344884,0.06266440140067207,-0.2237512984914104,Y1,group-2,subject-0,T1
101,0.21176989424932066,0.0042092309843523214,-0.19882183555694483,0.19480946335115185,-0.032840328509307765,-0.025728203906094718,0.057070436940647534,0.0414850418710497,0.025106769509468913,-0.1474513226067769,Y2,group-2,subject-0,T1
102,0.042185524615702893,-0.0018645835230364644,0.11638799325355872,-0.13328690322216077,-0.2253859046890265,0.6126673045277659,0.03402822911029606,0.04392565055161632,-0.050161357675352077,0.03859034067703363,Y3,group-2,subject-0,T1
103,0.037102239403479856,-0.018505778850309556,0.09487811849615709,0.06669405500137708,-0.12130420950121902,-0.8599656823498025,-0.1634203656842299,0.08650924902330331,0.021274970962260678,-0.0012136970776032816,Y4,group-2,subject-0,T1
104,0.03686830111250562,-0.1326598281866662,0.040998698729659534,-0.13980790202262894,-0.07924423414572085,0.40736380074683193,-0.03018009689806614,-0.08282659295960698,-0.09188469872471981,0.09021196337269374,Y5,group-2,subject-0,T1
105,0.025228570277566587,-0.007281483516375539,0.04774651742275674,-0.03129944842413533,-0.04282928048559022,0.014319245708397987,-0.1668787007727513,-0.03327248724789928,-0.07818406878499538,-0.10806260317083821,Y1,group-2,subject-0,T2
106,0.06978302750435404,0.0909274781590795,0.017625662017764006,-0.08003237398992627,0.04639627474012165,0.0648545714881162,-0.10041643383521502,-0.03844046925076694,-0.011367509318452929,-0.054618325532131085,Y2,group-2,subject-0,T2
107,0.06531057943009333,0.0882031819112532,0.07947549875785999,-0.022408250149239247,-0.0014552085702117298,0.038861726374944006,-0.2913755046565881,-0.16422991081944735,0.061241108770432574,-0.03729734438317801,Y3,group-2,subject-0,T2
108,-0.045722473624846334,-0.1868576606994498,0.041331978711816764,0.12764632826266692,0.047609615833766335,-0.4032158006926845,0.020926872392222937,0.043129916408903846,0.010558793641269168,0.16338352373752835,Y4,group-2,subject-0,T2
109,-0.10612558591314664,-0.064879294882686,0.2439586460829294,-0.12241869152188685,0.04900040167573873,-0.3357134546871909,0.0018819470370338247,-0.1785159910404546,-0.0012882616229969376,-0.06439740272947989,Y5,group-2,subject-0,T2
110,0.030000628180245795,-0.04318120675769103,0.13375698233106562,0.07920682538388679,-0.005556524283878986,0.20129461298136103,0.04845537484244266,-0.12344269513345695,0.15080302250320562,-0.0031868250799975055,Y1,group-2,subject-10,T1
111,0.08369103388454062,-0.06449385623952812,-0.02529372669934096,0.010396906629985344,0.02749975546916053,0.16828736475932016,0.03955329766245362,0.2759974813902612,0.03931496071388922,0.014234710795854031,Y2,group-2,subject-10,T1
112,-0.0984291419641838,0.2395102722564388,-0.19658992973750247,0.02205419642128952,-0.1478193967566541,-0.03379241173069039,-0.005005145920841885,0.09426922409942802,-0.05284977690845008,0.09919257084675022,Y3,group-2,subject-10,T1
113,-0.050138985191303734,0.04135378940816937,-0.0622712753964095,0.050852162172742715,-0.10192790514164893,-0.6722854815168564,0.015594854755320528,0.15978838572349072,-0.13568143379651434,-0.10897766373788914,Y4,group-2,subject-10,T1
114,-0.008976407772035877,-0.12622117238151356,0.04946010903538674,0.11064376142349684,-0.02024490713497309,1.0681548695315126,0.08750876834807207,-0.0007764575477206674,0.004759031973586866,-0.13964677303668413,Y5,group-2,subject-10,T1
115,0.02893310484358403,-0.08376347577377499,-0.05658640857924802,0.197549112556036,0.2123625748720576,-0.04728850975444,0.07598851993954947,-0.037882202864929514,-0.09615203133914305,0.20780233981159524,Y1,group-2,subject-10,T2
116,0.05042036008654702,-0.1091541201390196,-0.005002477961870759,0.009574981435540784,0.00023311850771065435,0.02151037101009536,0.23824171932832186,0.09168576562539059,-0.046153451802194496,0.13845840515477167,Y2,group-2,subject-10,T2
117,-0.0170569477983407,-0.05447125998603358,-0.10271567993421443,-0.00850781885612856,0.07592932249092947,0.15517341332922283,-0.06933754215389017,0.1474425242894569,0.1084243166902519,0.17448340910899418,Y3,group-2,subject-10,T2
118,0.03185939208870089,-0.023428086214933943,-0.04220893888944513,0.2337423240588364,0.02370185829598984,0.3360761651666753,0.07237303713224821,-0.09704102512135693,0.03316046910654715,0.022974680562123418,Y4,group-2,subject-10,T2
119,-0.09844674607375405,0.05669790824813147,0.1631460288641481,0.026262672047183012,0.10972612936090183,1.029294391319349,-0.19635301762115695,-0.009760596269368921,0.2766096543268185,-0.04585682450405161,Y5,group-2,subject-10,T2
120,-0.04755057368515293,-0.07149842357282936,0.0461343752489548,0.0007896566147631011,0.05995676043388159,-0.07733336810959085,0.038073651265123715,-0.020394690345641626,0.05826469177909936,-0.14695665200587624,Y1,group-2,subject-11,T1
121,-0.0831476185290341,-0.1488401832163737,-0.01635152829538002,-0.01620024395876806,0.13153822631780127,-0.07415622288575793,-0.04552255586927089,-0.011571079715962926,-0.053534825076851485,-0.13059703772138934,Y2,group-2,subject-11,T1
122,-0.08244133339293352,0.007467041648067583,0.011232874115940858,0.133238087609901,-0.08153521284057888,0.4336187409449159,0.08368103596429172,0.18815052193952914,0.04024614251566662,-0.04710158844284804,Y3,group-2,subject-11,T1
123,-0.03654785014876765,-0.10407247664701044,-0.12942105959537648,0.08797838734989306,0.09791339252282023,0.22759530109176115,-0.10183465464170607,0.08282044147775534,0.008361133717143582,-0.0629645507033303,Y4,group-2,subject-11,T1
124,-0.08063358715135847,0.056559608102056874,-0.09424734999287929,0.012591885798140544,-0.017853027439716982,0.29457220635064596,-0.14101179528262717,-0.009773792402596737,0.0774949436301825,-0.005850995181164205,Y5,group-2,subject-11,T1
125,0.0643529824414432,0.1486018719221335,-0.055986701205846645,-0.0101359786137146,-0.014654039574951422,0.04251581973241222,-0.08879289870793075,-0.05060584858218258,-0.06836825801580936,0.10439328797188754,Y1,group-2,subject-11,T2
126,-0.05062453112664697,-0.011944965159213903,-0.1693441403152646,-0.03583717138673353,0.1681852839066,0.10108976943696622,-0.028792653757322813,0.029915240233790545,-0.008099169444691063,0.02925950478230643,Y2,group-2,subject-11,T2
127,-0.13389610712888803,-0.1377319587310043,0.051706771000323164,-0.06875925040474537,0.05224558326073484,0.382137395709189,-0.10222461561926441,0.02239749704646683,0.07304922277554354,-0.0647290345540734,Y3,group-2,subject-11,T2
128,0.21293006605166834,0.17772671011350813,-0.15720964170581664,0.13769326963173004,-0.05152433428754831,-0.6156241983378862,0.11129630323560188,-0.05003892111376224,-0.022512459799480238,0.11984007696406952,Y4,group-2,subject-11,T2
129,-0.05210734121182301,0.07165157130315518,0.14140539548908576,0.052332182982188495,-0.11444949659391625,0.134068372247083,0.17810593474114877,0.03816382647369267,-0.03768083836778327,0.14195499322682625,Y5,group-2,subject-11,T2
130,-0.0016753592644853203,0.09196018967858094,-0.06863497905776693,0.2040765723839165,-0.1228414179006146,-0.05184194690091501,-0.11577915126998024,0.02272243075118125,0.032343166158656934,-0.09246937884178603,Y1,group-2,subject-1,T1
131,0.005029581273197964,0.23439671413389754,-0.15241104505202527,0.0502022392182464,0.08847000781255651,-0.02025801798742008,-0.0483293945231144,-0.03478394996172867,-0.28606923713453886,-0.012309079562532254,Y2,group-2,subject-1,T1
132,-0.026185970314914007,-0.17212519495860956,0.03935638123147341,-0.028377445317921864,-0.18174352575674116,0.340029467625686,-0.1605615233125464,-0.06670329038060713,0.005350188661154975,-0.024356083582133863,Y3,group-2,subject-1,T1
133,-0.005630585107257223,-0.011355122936722218,0.04684498140168548,0.1713246708811232,0.055275403678246016,-0.3307315062248614,-0.04475874515459564,-0.10381707587942834,0.04241717360252335,0.09746783717156318,Y4,group-2,subject-1,T1
134,-0.09373729612021513,-0.02683054265140452,-0.08214899717734259,-0.2664552481053876,0.10600685764426927,-0.2275132652010938,-0.01525493594127229,-0.04662305905715641,-0.005436069015299048,-0.09191430568534335,Y5,group-2,subject-1,T1
135,-0.017106344846481533,0.14198456011260527,0.05808292393964825,-0.157445083960227,-0.054096648083964284,0.03934768232044841,-0.003166013260996814,-0.06308837590041036,-0.030988939433115214,0.0028194452900455547,Y1,group-2,subject-1,T2
136,0.024006275568192816,-0.02617364101557462,-0.03651061586840282,0.17903893950237212,-0.09432395754806147,-0.001745694290412554,-0.06473382698613236,0.0014637101846350115,0.0204704333876329,0.1051453527591976,Y2,group-2,subject-1,T2
137,0.011102772644297022,0.08146326114606402,-0.05332523303965053,-0.022451950501422204,0.04698173691863773,-0.11443178578543607,0.1486847240225605,0.08224165753545548,-0.18794509175538957,0.10527401865682398,Y3,group-2,subject-1,T2
138,-0.05865530847227469,-0.015292566152188209,-0.0010357319370140014,-0.09516731305487296,0.031029215431599113,0.4219230538875773,-0.03351937984901952,-0.05131938798812622,0.19793265743338162,0.14460076517013437,Y4,group-2,subject-1,T2
139,0.07873000230532312,0.009113473976318115,0.05600945845699816,-0.0698047147193701,0.003180951228774484,-0.6881023685751892,0.02145933015736519,-0.05596768900010479,0.06825945357581091,0.015423547997390897,Y5,group-2,subject-1,T2
140,-0.05315772401859058,0.14263044886716592,-0.1846068053112295,-0.023930308080871907,-0.05680344159728145,0.08054918388447582,-0.005464800195649463,-0.12521773599685943,-0.08634986752288899,-0.0694956325516696,Y1,group-2,subject-2,T1
141,-0.036775013190245946,-0.03415275893000918,-0.06339614753195273,-0.08156211076869187,0.009939505639544816,-0.0006220736792275537,0.059747526766799515,0.05658179265750631,-0.04294323538009109,0.07818526052778511,Y2,group-2,subject-2,T1
142,0.05959277968505891,0.023652421374139476,-0.0705618345488062,0.012496834678972729,-0.10026774249180198,-0.5484939775543632,0.0027382239479221975,0.08750680222406257,-0.03137116025709917,-0.043604357699659306,Y3,group-2,subject-2,T1
143,-0.07128162011267995,0.05127517975711472,0.04697377837855777,0.0033962652412489907,-0.018392530744603442,0.37618522952044475,-0.16893706640651418,0.06017653554976656,0.08360131308175378,-0.049576992395616575,Y4,group-2,subject-2,T1
144,-0.0028127299590384805,0.058221901021591735,0.006199589981195134,0.004063478670360561,-0.048940523242838284,-0.27934311162418607,0.011827550720886669,-0.029809392864745474,-0.046977936172288674,-0.048698835543474914,Y5,group-2,subject-2,T1
145,0.14158114760417556,-0.1340237506175244,0.04790008678557524,0.004308553936126703,-8.257341547766931e-05,-0.07398463874702818,0.032223532476494725,-0.1342633828002938,-0.006941334435547625,0.15200918480716433,Y1,group-2,subject-2,T2
146,-0.1217176087779837,-0.27516858514548387,-0.03811152101830609,-0.02989333194164153,0.07417946111415263,-0.06699156483683234,-0.04787699747100856,0.04431569289636549,-0.054173609494035824,-0.10738340622093516,Y2,group-2,subject-2,T2
147,0.022470174547571744,-0.11085491761911233,-0.08418206099051484,0.017170570315718208,-0.2443452697715415,0.24161577814762786,-0.06308541339397067,-0.1489604149110615,-0.07180278420955047,-0.29424236861807207,Y3,group-2,subject-2,T2
148,-0.18950095287341487,0.25717729933097044,-0.1297307994674214,0.05504675979684314,0.08659456835332024,0.13278183464549054,0.032536591535873016,0.04209586310666389,-0.04864532899312138,-0.03556234219894904,Y4,group-2,subject-2,T2
149,-0.1613213677658857,-0.10182808092057341,-0.06005589437286279,0.05065215412487574,0.019953677055547642,-0.13205553245299986,0.013105950202903857,0.033007143582392616,0.1465314353124922,0.032947787435141894,Y5,group-2,subject-2,T2
150,0.2076076086041448,0.021618755672346245,0.09947385007927954,0.06860699386995564,-0.17284077833198855,-0.05615744768458637,0.017753587841560996,0.032399785450472,-0.19773246675252973,-0.0059143804277300175,Y1,group-2,subject-3,T1
151,0.009013274402193124,-0.16143408227570752,-0.13356647332976215,0.16996586216491646,0.1477158766601523,-0.10498868820935844,-0.05685975654495515,0.023152573418796014,-0.062332918433867825,0.10515323578113976,Y2,group-2,subject-3,T1
152,-0.02890322130300465,0.025031160556745192,0.03434407723311006,0.16062804518815482,-0.07574713695372962,-0.16617222120244113,-0.05812902794241971,-0.06147127372445906,0.11435970572815993,-0.11053194843847011,Y3,group-2,subject-3,T1
153,0.06901275873741869,0.06830415438606993,-0.08596491777874207,0.150220602511678,0.0511904624931297,0.6526326368217353,0.024456865035744464,0.0981110864505227,0.00761457319118459,0.07189158813526583,Y4,group-2,subject-3,T1
154,0.11839128279680798,-0.06453695864841881,-0.0908889739023182,-0.24459087395133025,-0.04979614847088928,0.2384326551989155,-0.0658302807648082,-0.03779190855984057,0.1388064471084501,0.11504337597515513,Y5,group-2,subject-3,T1
155,0.103511753031236,0.2042338951746145,-0.015480019112435944,-0.21669638537121935,-0.09834049191814816,-0.08269302334848241,-0.07771473459898695,0.09922616696185708,0.03881624023878871,0.08803678678326834,Y1,group-2,subject-3,T2
156,-0.06496801625301123,0.036983957937701636,0.052847236792030884,0.09373503016522955,0.14605444244152443,0.023171311881186575,-0.009824637486043753,0.18291948779373723,0.2475712807882549,-0.0070171738329295385,Y2,group-2,subject-3,T2
157,-0.03232825806823446,-0.03754487912978929,-0.07757713889822332,-0.0227539899191138,0.07570218140341053,-0.019417646537769503,-0.0695381510237148,0.030486759712206206,0.01744391817330344,0.0006137343506650922,Y3,group-2,subject-3,T2
158,-0.1581953028446597,0.11121491955336754,-0.014764140823299791,-0.09875791340922464,-0.08115625292197813,-0.7677864964754638,-0.03642349094118032,0.07019674634393047,0.0037111546638888865,-0.0578213158600148,Y4,group-2,subject-3,T2
159,-0.02439448719465405,-0.1141657630909739,-0.0029453436733164013,0.1224050535823527,0.12023976358081664,1.0771332946850058,0.11934411461817668,-0.012034990508149136,0.024668737965725034,-0.13537702692860207,Y5,group-2,subject-3,T2
160,0.06734984053894419,-0.20555611017408945,-0.02835740601001497,-0.01972608067304718,-0.10680235273725981,-0.06749509014746714,-0.047425883793674566,0.1691368015221072,0.017929283501509127,-0.016968416691378246,Y1,group-2,subject-4,T1
161,-0.025185902843497247,-0.06622955856362801,0.05705709912694006,0.2176666698018048,-0.009776426287401892,-0.056478088507593886,0.017854419823134425,0.2196259246603187,0.08495126870659342,-0.007793516943281639,Y2,group-2,subject-4,T1
162,0.03873391341914485,-0.09897853933061558,-0.06063621072642264,-0.2159159118925089,-0.07394747707833457,0.1653195992944309,-0.09867587439881463,0.11668217504445247,0.11475764210353805,-0.1539215530282707,Y3,group-2,subject-4,T1
163,0.07396076448763506,0.14441036757040912,-0.10047711946479337,0.05606747318825865,0.11085480753053885,-0.9296974348212296,-0.019480624150319373,0.009874509282239317,0.15537975091880182,0.05262296415268127,Y4,group-2,subject-4,T1
164,0.0003498928056628503,0.07635978377730081,0.03921386988514508,0.031385157937362504,0.05029076527489452,0.14288583662841664,-0.06243647666159724,-0.2114317272836556,-0.15471216573043184,-0.2007731430801616,Y5,group-2,subject-4,T1
165,-0.1144826880815914,0.1075485402697312,-0.02087816210658365,-0.11332356335006037,-0.04337281533563568,0.07204768678832897,-0.1455250126383637,0.040079246641300574,0.003198345320239679,-0.011338688773726381,Y1,group-2,subject-4,T2
166,0.04633383226115068,0.10820185209109262,0.12865931479606998,-0.12783550826490567,0.024914563340534435,0.0745195441786178,0.09576565349773426,0.04610949698806517,0.08134183626094035,0.09621485075147333,Y2,group-2,subject-4,T2
167,-0.013304965905480613,0.008744818622771345,0.008025162681667305,0.02435671963233939,-0.020137717768083877,0.4881560063311315,-0.07021232546652867,-0.15014467568773956,-0.09923140325675776,0.09256919440973384,Y3,group-2,subject-4,T2
168,0.22106333557300997,0.11040457197222447,0.0827600058132389,0.200230706530849,-0.12390044388660003,-1.0026293898391487,-0.06676888277939605,0.07148686607541394,-0.0010718487555370793,-0.06656574805348517,Y4,group-2,subject-4,T2
169,-0.01491561990920345,0.03417324227415472,0.07480796801157893,-0.15486034459111592,-0.14470361660834938,-0.4283780027756402,-0.013613049611078685,-0.05335166840916492,-0.0006272428496174756,0.1238829020695485,Y5,group-2,subject-4,T2
170,0.15683860751392914,-0.07470912903744478,-0.15532341304583844,-0.034733458905441994,-0.009210980528017726,-0.06520726681705136,-0.13264854322049496,0.055924088440397764,-0.010605568073114567,-0.00363912315652816,Y1,group-2,subject-5,T1
171,0.009579889708517864,-0.15975467096699278,-0.01845154922103716,-0.1244054307790376,-0.09261822055874347,-0.08043370830814782,0.05821212712837257,0.007120688908392167,0.05387662514691819,-0.05274786783842392,Y2,group-2,subject-5,T1
172,0.14291880564761536,-0.015152563099206194,-0.06246829260007041,0.1000696707662257,0.01931145329996872,-0.18777110309893613,0.08217946473903298,0.11929371517653052,-0.005900603209277106,-0.006145886572396515,Y3,group-2,subject-5,T1
173,-0.15339291395541563,-0.0978936269087596,-0.06805577100917837,0.04968124150742198,0.0023813215592376914,0.8460376606017777,-0.21444966973238586,-0.15529814050073404,-0.09028996272386537,-0.039667910784433484,Y4,group-2,subject-5,T1
174,-0.03410064821127494,-0.016021930449839298,-0.027801177813436176,0.18910565565575296,-0.052188921515615376,0.5095427634540445,-0.21474263791375714,-0.05580170000768967,0.06334956236881029,0.09180505943593006,Y5,group-2,subject-5,T1
175,0.1476171368410982,0.027864321630433245,-0.07180783799441275,0.07055854259226382,-0.03865384676388012,-0.09147791538559519,-0.07325690306872445,-0.11503272112229185,-0.07837939320831472,0.19815810032773393,Y1,group-2,subject-5,T2
176,0.1189272007063744,0.0029139457391617893,0.0005061385050216313,0.050366403349110245,-0.03514494582808741,0.09330340666390953,0.14844415897384697,-0.20756271217281203,0.01657695069389891,-0.009347940577203043,Y2,group-2,subject-5,T2
177,0.050448226852873534,-0.0008383272225865542,0.03572831222573517,0.07940507919356411,-0.113707495096658,-0.26798840552928543,0.025433410789354148,-0.05056755313498184,0.10603259742854344,0.0577658972362164,Y3,group-2,subject-5,T2
178,0.002198021735333452,0.1096447785371792,0.0855279256521555,0.036810203951693814,-0.009107107899484995,0.5032258849325331,-0.011938637930493462,0.05013585516531852,0.0509059399661614,0.019558607262524952,Y4,group-2,subject-5,T2
179,0.027406037920735427,0.04291765926597535,0.056185425013475385,0.06043687154149668,0.018933365458277014,-0.617782700038911,0.029616960346180738,-0.025267362756430024,0.007174172068970361,-0.055300022222876645,Y5,group-2,subject-5,T2
180,-0.12766659649631637,0.03954365857499226,-0.1327736563647317,0.02575531639283368,0.007385237904922586,0.035411082963630616,0.17553741762788683,-0.031367348210556395,-0.047187854696929855,-0.024270866162064506,Y1,group-2,subject-6,T1
181,0.036095058134453316,0.021733409710637513,-0.038026332503791165,0.018229940360884336,-0.0028506293592624288,0.031187243606832376,-0.023698676649194287,-0.004181082584187336,-0.21927034190412967,0.0904479333003451,Y2,group-2,subject-6,T1
182,-0.0028343736905128594,0.14127016387646488,-0.040706529878885435,0.018732221581462285,-0.06719623627936808,-0.2633540231945205,-0.09225495677730136,0.06443040971088389,0.14750546698541042,-0.05437655191765475,Y3,group-2,subject-6,T1
183,-0.012745959440205108,0.0686512969784438,0.230874115171017,0.03589486320570859,0.019653046188505927,-0.7090323122725404,-0.004706358932361153,0.009609945874414903,-0.030143287196226762,0.1374408827272033,Y4,group-2,subject-6,T1
184,0.028923938045543912,0.14261098842585088,-0.1883879402753432,0.062046037895166835,0.04573539076759728,0.10752295885756144,-0.048250961574882734,0.09350204192901988,-0.08714223218643706,0.08757540185993441,Y5,group-2,subject-6,T1
185,0.0817560549207415,0.021850567731371277,0.08480277749530543,-0.03610463525585988,0.01644893600602742,-0.12315967657104628,0.07125385854962495,0.07491929640032462,-0.18119350347994448,0.16282244047854366,Y1,group-2,subject-6,T2
186,-0.06819522450183446,-0.0012228375434158157,0.00193495215314708,-0.05944938123708519,0.013164639661723612,0.10545274323790908,-0.00362550335284386,-0.08920302951962508,0.04764918982647075,0.1640594543013175,Y2,group-2,subject-6,T2
187,0.13074392790085146,0.07416156946700718,0.01695366992599822,-0.20030167265730253,0.1463672598114439,1.3417531128595723,0.0709641225853006,-0.09381425079840702,0.03612439460158188,0.035057178317365,Y3,group-2,subject-6,T2
188,0.10384935670722349,0.04953733325053055,-0.12391252458987115,0.04258600661522029,0.08342330761416611,0.4220111595543513,0.07746569420700097,0.02536466926431441,-0.09466345242623005,0.1728004554909813,Y4,group-2,subject-6,T2
189,-0.05014406421062025,0.007325395442141075,-0.021930495617277977,-0.06419765489157683,0.07790084311036724,-0.651680701382898,-0.09286915925924209,0.07881539661964751,0.08344483305057282,0.10568141867087058,Y5,group-2,subject-6,T2
190,0.15851861950259719,-0.04309862992846333,0.0750504901053671,0.05574284193495969,0.018554920053943963,-0.040490745201649206,-0.04812361334917885,-0.10594979327292127,-0.00321622141231794,0.007017791759262542,Y1,group-2,subject-7,T1
191,0.031843058862524164,0.0067088789582038936,0.1557068043646921,-0.05023520562131725,-0.0699578343226875,-0.08922278025530742,0.08751021567884454,-0.11913812705938813,0.18433330538174567,-0.03126512583653213,Y2,group-2,subject-7,T1
192,-0.08893045248624416,-0.05094304343207359,0.04937577149167533,0.07899500690500103,0.08623657160003667,0.3504635358644044,0.03833444318324932,0.04345505174759968,-0.024340571027569122,0.16213956357142478,Y3,group-2,subject-7,T1
193,-0.09796459435261838,0.014589865155768541,-0.02861921292028163,-0.026651223844385244,0.07136002206690462,0.07711137159437481,-0.12410588371247876,-0.1862769257427128,-0.038409938255541,-0.017880780175454854,Y4,group-2,subject-7,T1
194,0.18654040442432893,-0.07596066576581441,-0.12386145597375665,-0.05415142930699626,-0.06192837083204395,0.5736186554310707,0.20034330601213313,0.09675715917561539,0.00117666187635666,-0.02027028231645048,Y5,group-2,subject-7,T1
195,-0.08261486780303913,-0.004350361885436119,0.047764005582860196,0.19871614732915216,0.0444732019216504,-0.006317617996277025,0.14525194288330262,-0.16546461629240572,0.0744795933372864,0.034556569635558726,Y1,group-2,subject-7,T2
196,-0.08785421782607966,0.22702707170322375,-0.19284740088022823,0.06734010000342353,0.13169109323016023,0.094525309035211,-0.021504114703772444,0.188577470913304,-0.057117247467370284,-0.04845331411985676,Y2,group-2,subject-7,T2
197,0.0053930275098198,-0.21570909400410407,-0.02002337076546533,-0.07902170288713216,-0.020096526803063383,0.005980643039382809,0.105425661467464,0.091478577962208,-0.08108619541779553,-0.007969450821494714,Y3,group-2,subject-7,T2
198,0.024338297057655042,-0.02595655231026953,0.0548283350786784,0.04611570680283353,0.14432742560889936,0.5592717226219942,-0.06698930501621893,-0.016357942925275024,0.1595038968844027,0.11655272648075456,Y4,group-2,subject-7,T2
199,0.1450015982313573,-0.11524554515545357,-0.03144419502834436,0.1165342604568573,-0.113057433240285,-0.5996061266362875,0.0831684825333102,0.13222781688133953,0.10653330814999924,0.11966275882962216,Y5,group-2,subject-7,T2
200,-0.048707160273344964,-0.042777406786786244,0.08860226148083143,-0.06509594860944612,0.1566711648146987,0.01756946697397753,0.14681356120757946,0.13098752890619494,0.14622815132954547,0.16146332720761603,Y1,group-2,subject-8,T1
201,-0.103789929169925,0.07294382296299022,0.03295307034812795,0.1837474760385579,0.05860516094287145,-0.08673413073024261,-0.10494260729626124,0.16495298687347326,-0.1616595198287058,-0.08206000483446223,Y2,group-2,subject-8,T1
202,0.01564433253119214,0.011864860628442565,0.06244607711315929,0.21946578640424153,-0.04209370987418058,0.7235019199903427,-0.1231449411398444,0.003977278956428653,-0.12898223968401135,0.011354744294797511,Y3,group-2,subject-8,T1
203,0.022182700098238025,0.041753630350425605,-0.10835312687762502,-0.07552974556887079,-0.10464415940315891,-0.29098849836855684,0.02355493151282728,-0.00524456673105192,-0.1173096281821484,0.07493575299494605,Y4,group-2,subject-8,T1
204,-0.09970150828925517,-0.0509534220779119,-0.1860256355127144,0.1103523556413804,-0.05075485322261052,-0.6094474918336901,0.08146503317979267,-0.008046055207418665,-0.12093065608996817,-0.042323129071360155,Y5,group-2,subject-8,T1
205,-0.10979398876389657,-0.028084708563210967,0.05835168182630734,-0.007693187084886544,0.05269078430181213,0.043959323510019965,0.16655884309087826,0.036429526057124066,0.19372014396993123,-0.05262763718744684,Y1,group-2,subject-8,T2
206,-0.07154176704435317,0.14373910946976626,-0.05636996706908722,0.06044644361875307,0.2152631913256841,0.030689629232889724,-0.06213421423145121,-0.1279461420732094,0.024817326627683333,-0.03595553053520588,Y2,group-2,subject-8,T2
207,0.07835375169164563,-0.20995722886483878,-0.21892660334457117,0.06945037835007938,0.053554733518501,-0.1759040231704762,-0.26185963796569683,-0.10737658197881923,-0.06194053412510151,-0.11129338023064625,Y3,group-2,subject-8,T2
208,-0.11187244449723127,0.03279215043561545,0.137019847656158,-0.06655378796117153,0.05313771634492154,0.9178694123224408,-0.05254388371079712,0.04290856515075513,0.11426078029691403,-0.16555070501511482,Y4,group-2,subject-8,T2
209,0.1376887613728637,0.04092435441168177,0.019040164143897698,0.04665660875833502,-0.06406228240869424,0.4518003884218764,0.1800488191282519,0.0951328884346196,0.04727123712444263,-0.0778805519774171,Y5,group-2,subject-8,T2
210,0.07457983688794724,0.08415923851040429,-0.03715497425719204,-0.11982502617944865,-0.011385295039199357,-0.16010018640113255,0.002185082167561302,-0.1468783783880469,-0.10314140701839501,-0.05296897217785497,Y1,group-2,subject-9,T1
211,-0.01105659431075792,-0.13607316613465478,0.104682511494337,-0.07311477759124063,-0.11317995496238192,-0.020587664771484878,-0.044655666727728006,0.038051661727267684,-0.1109425324284685,-0.007060953410273039,Y2,group-2,subject-9,T1
212,0.16091640837142135,0.016407090489706865,-0.015982321165750053,0.04591895276738532,-0.06733762240050256,0.05428323551703321,-0.158070419967645,0.1257735596124122,0.018209175387838943,-0.04236390710617788,Y3,group-2,subject-9,T1
213,-0.12104869851737288,0.07044462110177964,-0.06369228623420052,-0.1771420149025967,0.13617067787488848,-0.2697960583033145,0.010555959876226206,-0.023845706545192816,0.05489259605127064,0.18294532061919555,Y4,group-2,subject-9,T1
214,-0.03303909479376963,0.11308011442153597,-0.0035170169720880697,0.14513364747141533,-0.19789947348551967,-0.06218790706744804,0.017424771262823626,0.04710670144679653,-0.23488629272928954,-0.018270992312824044,Y5,group-2,subject-9,T1
215,0.011071253900326126,-0.04158470019081159,0.03659782492608052,-0.008124687463575668,0.10338992681741303,0.03948813322855293,-0.09881096050762497,0.049453831678565006,-0.017080233707768358,-0.0029274739880019982,Y1,group-2,subject-9,T2
216,0.16733360828665522,0.08233780642915547,-0.02947310507314595,0.13560812555360874,0.020805410621477054,0.006389861657767707,0.03540236928917196,-0.11416405274235375,-0.0036996785605806514,-0.02604922462013433,Y2,group-2,subject-9,T2
217,0.20580008883845063,-0.058045427121858915,-0.1848971930838,-0.06523501722720144,-0.1833777642011429,0.7146472512711772,-0.12834455413538332,0.06558576129931645,0.08866324119249214,0.025317453185230026,Y3,group-2,subject-9,T2
218,-0.1482335471908871,-0.00954532782669987,-0.01216212081963878,-0.2686929554811999,-0.1085435371800696,0.012061865688738531,0.008438086728359577,0.10165399505297773,0.09096662955569244,-0.1473007406254247,Y4,group-2,subject-9,T2
219,0.26898046038396006,-0.0034295853520698253,0.08235932352896691,0.12406692091781328,0.04101646303316167,-0.4484049611175462,0.029799142464637718,0.04545776947154605,0.09225095118618175,0.01062296341371868,Y5,group-2,subject-9,T2
